{
  "description": "My texture pack. v1.0.2 - Cardinal Edition",
  "switches": [
    {
      "name": "Key & Note Direction (Info: this does not make it vertical, etc.)",
      "values": [ "Up", "Down", "Left", "Right" ]
    },
    {
      "name": "Note Style",
      "values": [ "Rounded", "Glow", "Classic" ]
    },
    {
      "name": "Bar Color",
      "values": [ "Red", "White", "Green", "Blue", "Yellow", "Purple", "Cyan", "No Bar" ]
    },
    {
      "name": "Bar Style",
      "values": [ "Solid", "Thick Yellow Glow" ]
    },
    {
      "name": "Key Animation",
      "values": [ "Yes", "No" ]
    }
  ],

  "whiteKey": {
    "_switch": "Key & Note Direction (Info: this does not make it vertical, etc.)",
    "Up": "keyWhiteUp.png", "Down": "keyWhiteDown.png", "Left": "keyWhiteLeft.png", "Right": "keyWhiteRight.png"
  },

  "whiteKeyPressed": {
    "_switch": "Key Animation",
    "Yes": {
      "_switch": "Key & Note Direction (Info: this does not make it vertical, etc.)",
      "Up": "keyWhitePressedUp.png", "Down": "keyWhitePressedDown.png", "Left": "keyWhitePressedLeft.png", "Right": "keyWhitePressedRight.png"
    },
    "No": {
      "_switch": "Key & Note Direction (Info: this does not make it vertical, etc.)",
      "Up": "keyWhiteUp.png", "Down": "keyWhiteDown.png", "Left": "keyWhiteLeft.png", "Right": "keyWhiteRight.png"
    }
  },

  "blackKey": {
    "_switch": "Key & Note Direction (Info: this does not make it vertical, etc.)",
    "Up": "keyBlackUp.png", "Down": "keyBlackDown.png", "Left": "keyBlackLeft.png", "Right": "keyBlackRight.png"
  },

  "blackKeyPressed": {
    "_switch": "Key & Note Direction (Info: this does not make it vertical, etc.)",
    "Up": "keyBlackPressedUp.png", "Down": "keyBlackPressedDown.png", "Left": "keyBlackPressedLeft.png", "Right": "keyBlackPressedRight.png"
  },

  "bar": {
    "_switch": "Bar Style",
    "Solid": {
      "_switch": "Bar Color",
      "Red": "barFF0000.png", "White": "barFFFFFF.png", "Green": "bar00FF00.png", "Blue": "bar0000FF.png", "Yellow": "barFFFF00.png", "Purple": "barFF00FF.png", "Cyan": "bar00FFFF.png", "No Bar": "barNo.png"
    },
    "Thick Yellow Glow": {
      "_switch": "Bar Color",
      "Red": "barGlowRed.png", "White": "barGlowWhite.png", "Green": "barGlowGreen.png", "Blue": "barGlowBlue.png", "Yellow": "barGlowYellow.png", "Purple": "barGlowPurple.png", "Cyan": "barGlowCyan.png", "No Bar": "barNo.png"
    }
  },

  "notes": [
    {
      "maxSize": 4,
      "alwaysStretch": "true",
      "useEndCaps": "true",
      "middleTexture": "note.png",
      "topTexture": {
        "_switch": "Key & Note Direction (Info: this does not make it vertical, etc.)",
        "Up": { "_switch": "Note Style", "Rounded": "noteRoundUp.png", "Glow": "noteGlowUp.png", "Classic": "noteUp.png" },
        "Down": { "_switch": "Note Style", "Rounded": "noteRoundDown.png", "Glow": "noteGlowDown.png", "Classic": "noteDown.png" },
        "Left": { "_switch": "Note Style", "Rounded": "noteRoundLeft.png", "Glow": "noteGlowLeft.png", "Classic": "noteLeft.png" },
        "Right": { "_switch": "Note Style", "Rounded": "noteRoundRight.png", "Glow": "noteGlowRight.png", "Classic": "noteRight.png" }
      },
      "bottomTexture": {
        "_switch": "Key & Note Direction (Info: this does not make it vertical, etc.)",
        "Up": { "_switch": "Note Style", "Rounded": "noteRoundUp.png", "Glow": "noteGlowUp.png", "Classic": "noteUp.png" },
        "Down": { "_switch": "Note Style", "Rounded": "noteRoundDown.png", "Glow": "noteGlowDown.png", "Classic": "noteDown.png" },
        "Left": { "_switch": "Note Style", "Rounded": "noteRoundLeft.png", "Glow": "noteGlowLeft.png", "Classic": "noteNoteLeft.png" },
        "Right": { "_switch": "Note Style", "Rounded": "noteRoundRight.png", "Glow": "noteGlowRight.png", "Classic": "noteRight.png" }
      },
      "topOversize": 0, "bottomOversize": 0
    }
  ],
  "previewImage": "preview.png",
  "blackKeysWhiteShade": "true",
  "blackKeyHeight": 38
}