{
  "description": "My texture pack. You can use it - with credit...",
  "switches": [
    {
      "name": "Same Width Notes",
      "values": [
        "No",
        "Yes"
      ]
    }
  ],
  
  "sameWidthNotes": {
    "_switch": "Same Width Notes",
    "No": "false",
    "Yes": "true"
  },

  "previewImage": "preview.png",
  "blackKey": "keyBlack.png",
  "blackKeyPressed": "keyBlackPressed.png",
  "whiteKey": "keyWhite.png",
  "whiteKeyPressed": "keyWhitePressed.png",
  "bar": "bar.png",

  "blackKeyOversize": 0,
  "blackKeyPressedOversize": 0,
  "blackKeysWhiteShade": "true",
  "blackKeyHeight": 38,

  "notes": [
    {
      "maxSize": 4,
      "alwaysStretch": "true",
      "useEndCaps": "true",
      "middleTexture": "note.png",
      "topTexture": "noteEdge.png",
      "bottomTexture": "noteEdge.png",
      "topOversize": 0,
      "bottomOversize": 0
    }
  ]
}